{"global_shape": 0.76, "global_scale": 3.64, "monthly_parameters": [[0.76, 3.64], [0.76, 3.64], [0.76, 3.64], [0.7599930937151959, 3.5316963971214475], [0.7600138913085128, 3.5984785983644265], [0.76, 3.64], [0.76, 3.64], [0.76, 3.64], [0.76, 3.64], [0.7599531364230995, 3.5825093494179], [0.7599965736111521, 3.5208617303656116], [0.76, 3.64], [0.7599936008182461, 3.4575410055440416], [0.7600123826280453, 3.590926254622559], [0.7599867578188946, 3.5174352992069453], [0.7600102681563901, 3.526676378139043], [0.76, 3.64], [0.7600008721834308, 3.5536574680172106], [0.7600107963353563, 3.596897546891593], [0.7599824983575212, 3.5937825324540835], [0.76, 3.64], [0.76, 3.64], [0.76, 3.64], [0.76, 3.64]]}